Keyword,Seed,Google Domain
full stack developer,full stack developer,http://www.google.com
full stack developer salary,full stack developer,http://www.google.com
full stack developer meaning,full stack developer,http://www.google.com
full stack developer course,full stack developer,http://www.google.com
full stack developer jobs,full stack developer,http://www.google.com
full stack developer resume,full stack developer,http://www.google.com
full stack developer skills,full stack developer,http://www.google.com
full stack developer job description,full stack developer,http://www.google.com
full stack developer definition,full stack developer,http://www.google.com
full stack developer interview questions,full stack developer,http://www.google.com
full stack developer wiki,_,http://www.google.com
full stack developer adalah,a,http://www.google.com
full stack developer average salary,a,http://www.google.com
full stack developer austin,a,http://www.google.com
full stack developer android,a,http://www.google.com
full stack developer amazon,a,http://www.google.com
full stack developer atlanta,a,http://www.google.com
full stack developer australia,a,http://www.google.com
full stack developer average salary uk,a,http://www.google.com
full stack developer advantages,a,http://www.google.com
full stack developer angular,a,http://www.google.com
full stack developer bootcamp,b,http://www.google.com
full stack developer books,b,http://www.google.com
full stack developer blog,b,http://www.google.com
full stack developer bangalore,b,http://www.google.com
full stack developer bootcamp online,b,http://www.google.com
full stack developer bio,b,http://www.google.com
full stack developer business card,b,http://www.google.com
full stack developer boston,b,http://www.google.com
full stack developer bristol,b,http://www.google.com
full stack developer benefits,b,http://www.google.com
full stack developer certification,c,http://www.google.com
full stack developer course free,c,http://www.google.com
full stack developer cv,c,http://www.google.com
full stack developer cover letter,c,http://www.google.com
full stack developer coursera,c,http://www.google.com
full stack developer career path,c,http://www.google.com
full stack developer c#,c,http://www.google.com
full stack developer career,c,http://www.google.com
full stack developer conference,c,http://www.google.com
full stack developer degree,d,http://www.google.com
full stack developer define,d,http://www.google.com
full stack developer dubai,d,http://www.google.com
full stack developer demand,d,http://www.google.com
full stack developer duties,d,http://www.google.com
full stack developer denver,d,http://www.google.com
full stack developer dublin,d,http://www.google.com
full stack developer devops,d,http://www.google.com
full stack developer dallas,d,http://www.google.com
full stack developer education,e,http://www.google.com
full stack developer entry level,e,http://www.google.com
full stack developer experience,e,http://www.google.com
full stack developer elitmus,e,http://www.google.com
full stack developer explained,e,http://www.google.com
full stack developer edinburgh,e,http://www.google.com
full stack developer ekşi,e,http://www.google.com
full stack developer resume example,e,http://www.google.com
full stack front end developer,e,http://www.google.com
full stack developer vs software engineer,e,http://www.google.com
full stack developer freelance,f,http://www.google.com
full stack developer free course,f,http://www.google.com
full stack developer future,f,http://www.google.com
full stack developer facebook,f,http://www.google.com
full stack developer free online course,f,http://www.google.com
full stack developer for hire,f,http://www.google.com
full stack developer free,f,http://www.google.com
full stack developer forum,f,http://www.google.com
full stack developer freecodecamp,f,http://www.google.com
full stack developer fresher job,f,http://www.google.com
full stack developer google,g,http://www.google.com
full stack developer guide,g,http://www.google.com
full stack developer glassdoor,g,http://www.google.com
full stack developer github,g,http://www.google.com
full stack developer google salary,g,http://www.google.com
full stack developer gehalt,g,http://www.google.com
full stack developer germany,g,http://www.google.com
full stack developer glasgow,g,http://www.google.com
full stack developer growth,g,http://www.google.com
full stack game developer,g,http://www.google.com
full stack developer hourly rate,h,http://www.google.com
full stack developer hiring,h,http://www.google.com
full stack developer houston,h,http://www.google.com
full stack developer hong kong,h,http://www.google.com
full stack developer hours,h,http://www.google.com
full stack developer how to become,h,http://www.google.com
full stack developer halifax,h,http://www.google.com
full stack web developer hong kong,h,http://www.google.com
full stack developer per hour,h,http://www.google.com
freelance full stack developer hourly rate,h,http://www.google.com
full stack developer indeed,i,http://www.google.com
full stack developer internship,i,http://www.google.com
full stack developer india,i,http://www.google.com
full stack developer in java,i,http://www.google.com
full stack developer interview questions and answers pdf,i,http://www.google.com
full stack developer images,i,http://www.google.com
full stack developer in french,i,http://www.google.com
full stack developer ios,i,http://www.google.com
full stack developer israel,i,http://www.google.com
full stack developer java,j,http://www.google.com
full stack developer jd,j,http://www.google.com
full stack developer jobs remote,j,http://www.google.com
full stack developer javascript,j,http://www.google.com
full stack developer jobs london,j,http://www.google.com
full stack developer jobs canada,j,http://www.google.com
full stack developer jobs nyc,j,http://www.google.com
full stack developer job description template,j,http://www.google.com
full stack developer knowledge,k,http://www.google.com
full stack developer key skills,k,http://www.google.com
full stack developer need to know,k,http://www.google.com
what should a full stack developer know,k,http://www.google.com
full stack developer languages,l,http://www.google.com
full stack developer linkedin,l,http://www.google.com
full stack developer london,l,http://www.google.com
full stack developer learning path,l,http://www.google.com
full stack developer là gì,l,http://www.google.com
full stack developer los angeles,l,http://www.google.com
full stack developer lynda,l,http://www.google.com
full stack developer list,l,http://www.google.com
full stack developer learn,l,http://www.google.com
full stack developer life,l,http://www.google.com
full stack developer meme,m,http://www.google.com
full stack developer myth,m,http://www.google.com
full stack developer malaysia,m,http://www.google.com
full stack developer mobile,m,http://www.google.com
full stack developer montreal,m,http://www.google.com
full stack developer microsoft,m,http://www.google.com
full stack developer mooc,m,http://www.google.com
full stack developer minneapolis,m,http://www.google.com
full stack developer miami,m,http://www.google.com
full stack developer nanodegree,n,http://www.google.com
full stack developer nedir,n,http://www.google.com
full stack developer nyc,n,http://www.google.com
full stack developer nyc salary,n,http://www.google.com
full stack developer node js,n,http://www.google.com
full stack developer naukri,n,http://www.google.com
full stack developer needed,n,http://www.google.com
full stack developer ne demek,n,http://www.google.com
full stack developer nashville,n,http://www.google.com
full stack developer online course,o,http://www.google.com
full stack developer online training,o,http://www.google.com
full stack developer objective,o,http://www.google.com
full stack developer online,o,http://www.google.com
full stack developer o que é,o,http://www.google.com
full stack developer overview,o,http://www.google.com
full stack developer online course free,o,http://www.google.com
full stack developer ottawa,o,http://www.google.com
full stack developer opening,o,http://www.google.com
full stack developer or data scientist,o,http://www.google.com
full stack developer portfolio,p,http://www.google.com
full stack developer profile,p,http://www.google.com
full stack developer python,p,http://www.google.com
full stack developer program,p,http://www.google.com
full stack developer projects,p,http://www.google.com
full stack developer pdf,p,http://www.google.com
full stack developer php,p,http://www.google.com
full stack developer pay,p,http://www.google.com
full stack developer path,p,http://www.google.com
full stack developer position,p,http://www.google.com
full stack developer quora,q,http://www.google.com
full stack developer questions,q,http://www.google.com
full stack developer que es,q,http://www.google.com
full stack developer quiz,q,http://www.google.com
full stack developer qualifications,q,http://www.google.com
full stack web developer interview questions,q,http://www.google.com
php full stack developer interview questions,q,http://www.google.com
full stack javascript developer interview questions,q,http://www.google.com
que es un full stack developer,q,http://www.google.com
full stack developer responsibilities,r,http://www.google.com
full stack developer requirements,r,http://www.google.com
full stack developer role,r,http://www.google.com
full stack developer reddit,r,http://www.google.com
full stack developer resume indeed,r,http://www.google.com
full stack developer remote,r,http://www.google.com
full stack developer roadmap,r,http://www.google.com
full stack developer react,r,http://www.google.com
full stack developer resume pdf,r,http://www.google.com
full stack developer salary uk,s,http://www.google.com
full stack developer salary nyc,s,http://www.google.com
full stack developer salary in india,s,http://www.google.com
full stack developer salary toronto,s,http://www.google.com
full stack developer salary seattle,s,http://www.google.com
full stack developer salary canada,s,http://www.google.com
full stack developer salary australia,s,http://www.google.com
full stack developer salary singapore,s,http://www.google.com
full stack developer training,t,http://www.google.com
full stack developer tutorial,t,http://www.google.com
full stack developer technologies,t,http://www.google.com
full stack developer training online,t,http://www.google.com
full stack developer tools,t,http://www.google.com
full stack developer toronto,t,http://www.google.com
full stack developer test,t,http://www.google.com
full stack developer toronto salary,t,http://www.google.com
full stack developer training hyderabad,t,http://www.google.com
full stack developer treehouse,t,http://www.google.com
full stack developer udacity,u,http://www.google.com
full stack developer udemy,u,http://www.google.com
full stack developer uk,u,http://www.google.com
full stack developer upwork,u,http://www.google.com
full stack developer unicorn,u,http://www.google.com
full stack developer utah,u,http://www.google.com
full stack developer udacity review,u,http://www.google.com
full stack developer udacity github,u,http://www.google.com
full stack ui developer,u,http://www.google.com
udacity full stack web developer review,u,http://www.google.com
full stack developer vs web developer,v,http://www.google.com
full stack developer vs data scientist,v,http://www.google.com
full stack developer vs java developer,v,http://www.google.com
full stack developer vancouver,v,http://www.google.com
full stack developer vs,v,http://www.google.com
full stack developer vs mobile developer,v,http://www.google.com
full stack developer vs machine learning,v,http://www.google.com
full stack developer vs mean stack developer,v,http://www.google.com
full stack developer vs devops,v,http://www.google.com
full stack developer vs software developer,v,http://www.google.com
full stack developer what is,w,http://www.google.com
full stack developer wikipedia,w,http://www.google.com
full stack developer website,w,http://www.google.com
full stack developer work from home,w,http://www.google.com
full stack developer with java,w,http://www.google.com
full stack developer web,w,http://www.google.com
full stack developer what does it mean,w,http://www.google.com
full stack developer wage,w,http://www.google.com
full stack developer without degree,w,http://www.google.com
full stack developer youtube,y,http://www.google.com
full stack developer salary new york,y,http://www.google.com
full stack developer zarobki,z,http://www.google.com
full stack developer zurich,z,http://www.google.com
full stack developer 2017,2,http://www.google.com
full stack developer 2015,2,http://www.google.com